{"mean":{"confidence_interval":{"confidence_level":0.95,"lower_bound":-0.011791588719680113,"upper_bound":-0.005130429417385866},"point_estimate":-0.008374382178458317,"standard_error":0.0016989263056355795},"median":{"confidence_interval":{"confidence_level":0.95,"lower_bound":-0.015785603105094026,"upper_bound":-0.002678684493431782},"point_estimate":-0.008104738428249214,"standard_error":0.0032946878274520528}}