{"mean":{"confidence_interval":{"confidence_level":0.95,"lower_bound":11400068.0536,"upper_bound":11470337.928299999},"point_estimate":11434981.910000002,"standard_error":17975.034181711104},"median":{"confidence_interval":{"confidence_level":0.95,"lower_bound":11399600.0,"upper_bound":11465625.0},"point_estimate":11429508.3,"standard_error":15941.182917198585},"median_abs_dev":{"confidence_interval":{"confidence_level":0.95,"lower_bound":132427.01572895024,"upper_bound":220030.90521267097},"point_estimate":189167.45106160807,"standard_error":22218.247187640132},"slope":null,"std_dev":{"confidence_interval":{"confidence_level":0.95,"lower_bound":156670.25862818785,"upper_bound":201982.32890237292},"point_estimate":180991.91591246318,"standard_error":11552.918914995338}}