{"mean":{"confidence_interval":{"confidence_level":0.95,"lower_bound":-0.003291768917686541,"upper_bound":0.010406957174705713},"point_estimate":0.002977094950841197,"standard_error":0.003409284914922859},"median":{"confidence_interval":{"confidence_level":0.95,"lower_bound":-0.0033003644631284246,"upper_bound":0.003386459858603752},"point_estimate":0.0005639182903731665,"standard_error":0.0018556654030949745}}