{"mean":{"confidence_interval":{"confidence_level":0.95,"lower_bound":16338536.905687502,"upper_bound":16416525.3251875},"point_estimate":16377241.87,"standard_error":19892.513723157947},"median":{"confidence_interval":{"confidence_level":0.95,"lower_bound":16321109.5,"upper_bound":16422104.25},"point_estimate":16384255.125,"standard_error":29490.41598140794},"median_abs_dev":{"confidence_interval":{"confidence_level":0.95,"lower_bound":148190.6858190894,"upper_bound":292682.09937885404},"point_estimate":239547.94022217393,"standard_error":36030.06814964315},"slope":null,"std_dev":{"confidence_interval":{"confidence_level":0.95,"lower_bound":176794.62652389504,"upper_bound":219781.85750941245},"point_estimate":199835.33669215773,"standard_error":10985.547935989454}}