{"mean":{"confidence_interval":{"confidence_level":0.95,"lower_bound":22106962.437499993,"upper_bound":22190610.86},"point_estimate":22149612.79333333,"standard_error":21334.108419114218},"median":{"confidence_interval":{"confidence_level":0.95,"lower_bound":22101722.333333332,"upper_bound":22248833.333333332},"point_estimate":22161784.833333332,"standard_error":35952.9581141969},"median_abs_dev":{"confidence_interval":{"confidence_level":0.95,"lower_bound":172692.00943410303,"upper_bound":287840.60738980863},"point_estimate":229874.9020189047,"standard_error":30014.470452476697},"slope":null,"std_dev":{"confidence_interval":{"confidence_level":0.95,"lower_bound":186382.78339418315,"upper_bound":240157.67370552136},"point_estimate":214905.12893281857,"standard_error":13754.260758150143}}