{"mean":{"confidence_interval":{"confidence_level":0.95,"lower_bound":-0.01410875770645074,"upper_bound":-0.00828193574896105},"point_estimate":-0.011269467435495173,"standard_error":0.0014911348071809166},"median":{"confidence_interval":{"confidence_level":0.95,"lower_bound":-0.014527882040267781,"upper_bound":-0.005617479911631307},"point_estimate":-0.011111023521034324,"standard_error":0.00219948264096112}}