{"mean":{"confidence_interval":{"confidence_level":0.95,"lower_bound":0.0016419834160100088,"upper_bound":0.015806087586739376},"point_estimate":0.00813885647954149,"standard_error":0.0035346592583074335},"median":{"confidence_interval":{"confidence_level":0.95,"lower_bound":-0.004610199000964932,"upper_bound":0.00620933846663263},"point_estimate":0.0009891374653263618,"standard_error":0.002839011073626311}}