{"mean":{"confidence_interval":{"confidence_level":0.95,"lower_bound":6259894.9683125,"upper_bound":6322050.674218751},"point_estimate":6290312.18,"standard_error":15800.871511690817},"median":{"confidence_interval":{"confidence_level":0.95,"lower_bound":6255927.125,"upper_bound":6273291.625},"point_estimate":6265080.6875,"standard_error":5887.316688845181},"median_abs_dev":{"confidence_interval":{"confidence_level":0.95,"lower_bound":83732.15007595718,"upper_bound":162004.90373633802},"point_estimate":109920.79601101577,"standard_error":21515.812062098532},"slope":null,"std_dev":{"confidence_interval":{"confidence_level":0.95,"lower_bound":122567.04087825082,"upper_bound":199640.6870735608},"point_estimate":158959.9602700245,"standard_error":20295.39666887607}}