{"mean":{"confidence_interval":{"confidence_level":0.95,"lower_bound":6030902.686611109,"upper_bound":6109947.889111109},"point_estimate":6069054.077777778,"standard_error":20153.464873423298},"median":{"confidence_interval":{"confidence_level":0.95,"lower_bound":5996229.166666666,"upper_bound":6060537.0},"point_estimate":6032030.111111111,"standard_error":17331.59700484164},"median_abs_dev":{"confidence_interval":{"confidence_level":0.95,"lower_bound":117293.50828429079,"upper_bound":198908.66003533197},"point_estimate":157248.25970828533,"standard_error":20750.575984142324},"slope":null,"std_dev":{"confidence_interval":{"confidence_level":0.95,"lower_bound":153100.6259628283,"upper_bound":252460.7878246026},"point_estimate":203205.35771569863,"standard_error":25670.050572379227}}