{"mean":{"confidence_interval":{"confidence_level":0.95,"lower_bound":-0.0044436880876780735,"upper_bound":0.00640393595793014},"point_estimate":0.0011426027690994989,"standard_error":0.002741899006842193},"median":{"confidence_interval":{"confidence_level":0.95,"lower_bound":-0.012040523349512444,"upper_bound":0.002991249416944397},"point_estimate":0.0008173472683088434,"standard_error":0.004154161373612284}}